,Train_loss,Train_dice,Valid_loss,Valid_dice
0,0.39387207103498056,0.24871211975108695,0.24122753597441174,0.3955174589611601
1,0.16323347978406783,0.6002466504459256,0.10714299527425615,0.6997763942783806
2,0.07175218240555489,0.8018855577365637,0.048946402974367614,0.8407508702141004
3,0.040768015448173336,0.8438296778980767,0.03616248455549043,0.880900689181739
