,Train_loss,Train_dice,Valid_loss,Valid_dice
0,1.275687488642606,0.011757925972514315,23.42075538635254,0.001543245474649445
1,1.0670692107894204,0.013730773795878165,5.4667322635650635,0.01421525953955597
2,0.9111442403359846,0.012630969030053582,1.2381395101547241,0.016849729714031786
